"categoria","unidade","arquivo_original","formato_original","largura_original","altura_original","bytes_antes","arquivos_finais","bytes_finais","largura_final","altura_final"
"imagem geral","","[diretorio-original]/Desenvolvedor de aplicativos.png","png","1536","1024","1885559","assets/images/courses/curso-desenvolvimento-aplicativos.webp","57612","960","640"
"imagem geral","","[diretorio-original]/designer grafico.png","png","1195","1315","2030877","assets/images/courses/curso-designer-grafico.webp","100034","960","1056"
"imagem geral","","[diretorio-original]/empregue ja.jpeg","jpeg","1600","1600","87808","assets/images/institutional/programa-empregue-ja.webp","23954","960","960"
"imagem geral","","[diretorio-original]/favicom.png","png","40","40","1966","assets/icons/favicon.png","1966","40","40"
"imagem geral","","[diretorio-original]/Gestao empresarial.png","png","1536","1024","2151323","assets/images/courses/curso-gestao-empresarial.webp","21872","960","640"
"imagem geral","","[diretorio-original]/IA.png","png","1536","1024","1612468","assets/images/courses/curso-inteligencia-artificial.webp","37690","960","640"
"imagem geral","","[diretorio-original]/Img principal.jpg","jpg","1024","1024","310205","assets/images/hero/hero-estudantes.webp","66672","1024","1024"
"imagem geral","","[diretorio-original]/Informatica Proficional.png","png","1536","1024","2332508","assets/images/courses/curso-informatica-profissional.webp","51640","960","640"
"imagem geral","","[diretorio-original]/Logo visual ponto com.png","png","546","156","59339","assets/images/brand/logo-visual-ponto-com.png","59339","546","156"
"imagem geral","","[diretorio-original]/Logo-Facebook.png","png","5000","5000","120252","assets/icons/facebook.png","2551","128","128"
"imagem geral","","[diretorio-original]/Logo-final.png","png","246","68","14583","assets/images/brand/logo-visual-ponto-com-footer.png","14583","246","68"
"imagem geral","","[diretorio-original]/Logo-Instagram.png","png","5000","5000","878550","assets/icons/instagram.png","11781","128","128"
"imagem geral","","[diretorio-original]/Operador de tecnologia.png","png","1536","1024","1850179","assets/images/courses/curso-operador-tecnologia.webp","26414","960","640"
"imagem geral","","[diretorio-original]/Pacote office.png","png","1536","1024","2304518","assets/images/courses/curso-pacote-office.webp","48082","960","640"
"foto de unidade","Cariacica","[diretorio-original]/Polo Cariacica/WhatsApp Image 2026-04-02 at 05.12.08.jpeg","jpeg","720","1600","125037","assets/images/units/cariacica/cariacica-01-480.webp | assets/images/units/cariacica/cariacica-01-960.webp","153956","720","1600"
"foto de unidade","Cariacica","[diretorio-original]/Polo Cariacica/WhatsApp Image 2026-04-02 at 05.12.09 (1).jpeg","jpeg","720","1600","104067","assets/images/units/cariacica/cariacica-02-480.webp | assets/images/units/cariacica/cariacica-02-960.webp","115780","720","1600"
"foto de unidade","Cariacica","[diretorio-original]/Polo Cariacica/WhatsApp Image 2026-04-02 at 05.12.09 (2).jpeg","jpeg","720","1600","121337","assets/images/units/cariacica/cariacica-03-480.webp | assets/images/units/cariacica/cariacica-03-960.webp","141772","720","1600"
"foto de unidade","Cariacica","[diretorio-original]/Polo Cariacica/WhatsApp Image 2026-04-02 at 05.12.09 (3).jpeg","jpeg","720","1600","223992","assets/images/units/cariacica/cariacica-04-480.webp | assets/images/units/cariacica/cariacica-04-960.webp","329742","720","1600"
"foto de unidade","Cariacica","[diretorio-original]/Polo Cariacica/WhatsApp Image 2026-04-02 at 05.12.09 (4).jpeg","jpeg","720","1600","278463","assets/images/units/cariacica/cariacica-05-480.webp | assets/images/units/cariacica/cariacica-05-960.webp","423976","720","1600"
"foto de unidade","Cariacica","[diretorio-original]/Polo Cariacica/WhatsApp Image 2026-04-02 at 05.12.09.jpeg","jpeg","720","1280","81723","assets/images/units/cariacica/cariacica-06-480.webp | assets/images/units/cariacica/cariacica-06-960.webp","111538","720","1280"
"foto de unidade","Cariacica","[diretorio-original]/Polo Cariacica/WhatsApp Image 2026-04-02 at 05.29.49 (1).jpeg","jpeg","1600","900","254808","assets/images/units/cariacica/cariacica-07-480.webp | assets/images/units/cariacica/cariacica-07-960.webp","128314","960","540"
"foto de unidade","Cariacica","[diretorio-original]/Polo Cariacica/WhatsApp Image 2026-04-02 at 05.29.49 (2).jpeg","jpeg","900","1600","236689","assets/images/units/cariacica/cariacica-08-480.webp | assets/images/units/cariacica/cariacica-08-960.webp","281764","900","1600"
"foto de unidade","Cariacica","[diretorio-original]/Polo Cariacica/WhatsApp Image 2026-04-02 at 05.29.49.jpeg","jpeg","900","1600","303539","assets/images/units/cariacica/cariacica-09-480.webp | assets/images/units/cariacica/cariacica-09-960.webp","413010","900","1600"
"foto de unidade","Cariacica","[diretorio-original]/Polo Cariacica/WhatsApp Image 2026-04-02 at 05.29.50 (1).jpeg","jpeg","900","1600","273149","assets/images/units/cariacica/cariacica-10-480.webp | assets/images/units/cariacica/cariacica-10-960.webp","352832","900","1600"
"foto de unidade","Cariacica","[diretorio-original]/Polo Cariacica/WhatsApp Image 2026-04-02 at 05.29.50.jpeg","jpeg","738","1600","173526","assets/images/units/cariacica/cariacica-11-480.webp | assets/images/units/cariacica/cariacica-11-960.webp","227810","738","1600"
"foto de unidade","Cariacica","[diretorio-original]/Polo Cariacica/WhatsApp Image 2026-04-02 at 05.32.14.jpeg","jpeg","720","1600","104067","assets/images/units/cariacica/cariacica-12-480.webp | assets/images/units/cariacica/cariacica-12-960.webp","115780","720","1600"
"foto de unidade","Cariacica","[diretorio-original]/Polo Cariacica/WhatsApp Image 2026-04-02 at 05.32.15.jpeg","jpeg","720","1600","121337","assets/images/units/cariacica/cariacica-13-480.webp | assets/images/units/cariacica/cariacica-13-960.webp","141772","720","1600"
"foto de unidade","Cariacica","[diretorio-original]/Polo Cariacica/WhatsApp Image 2026-04-02 at 05.32.16.jpeg","jpeg","705","1599","86104","assets/images/units/cariacica/cariacica-14-480.webp | assets/images/units/cariacica/cariacica-14-960.webp","94006","705","1599"
"foto de unidade","Cariacica","[diretorio-original]/Polo Cariacica/WhatsApp Image 2026-04-02 at 05.32.18 (1).jpeg","jpeg","720","1600","278463","assets/images/units/cariacica/cariacica-15-480.webp | assets/images/units/cariacica/cariacica-15-960.webp","423976","720","1600"
"foto de unidade","Cariacica","[diretorio-original]/Polo Cariacica/WhatsApp Image 2026-04-02 at 05.32.18 (2).jpeg","jpeg","720","1600","223992","assets/images/units/cariacica/cariacica-16-480.webp | assets/images/units/cariacica/cariacica-16-960.webp","329742","720","1600"
"foto de unidade","Cariacica","[diretorio-original]/Polo Cariacica/WhatsApp Image 2026-04-02 at 05.32.18.jpeg","jpeg","720","1600","78437","assets/images/units/cariacica/cariacica-17-480.webp | assets/images/units/cariacica/cariacica-17-960.webp","83066","720","1600"
"foto de unidade","Cariacica","[diretorio-original]/Polo Cariacica/WhatsApp Image 2026-04-02 at 05.32.19.jpeg","jpeg","720","1600","193141","assets/images/units/cariacica/cariacica-18-480.webp | assets/images/units/cariacica/cariacica-18-960.webp","269638","720","1600"
"v?deo de unidade","Cariacica","[diretorio-original]/Polo Cariacica/WhatsApp Video 2026-04-02 at 05.12.07.mp4","mp4","382","850","4986737","assets/videos/units/cariacica/cariacica-video-01.mp4 | assets/videos/units/cariacica/cariacica-video-01-poster.webp","5005753","382","850"
"v?deo de unidade","Cariacica","[diretorio-original]/Polo Cariacica/WhatsApp Video 2026-04-02 at 05.12.08.mp4","mp4","720","1280","9254107","assets/videos/units/cariacica/cariacica-video-02.mp4 | assets/videos/units/cariacica/cariacica-video-02-poster.webp","9311615","720","1280"
"v?deo de unidade","Cariacica","[diretorio-original]/Polo Cariacica/WhatsApp Video 2026-04-02 at 05.32.17 (1).mp4","mp4","478","850","2549389","assets/videos/units/cariacica/cariacica-video-03.mp4 | assets/videos/units/cariacica/cariacica-video-03-poster.webp","2578589","478","850"
"v?deo de unidade","Cariacica","[diretorio-original]/Polo Cariacica/WhatsApp Video 2026-04-02 at 05.32.17.mp4","mp4","478","850","3319545","assets/videos/units/cariacica/cariacica-video-04.mp4 | assets/videos/units/cariacica/cariacica-video-04-poster.webp","3345817","478","850"
"v?deo de unidade","Cariacica","[diretorio-original]/Polo Cariacica/WhatsApp Video 2026-04-02 at 05.32.19 (2).mp4","mp4","478","850","2220807","assets/videos/units/cariacica/cariacica-video-05.mp4 | assets/videos/units/cariacica/cariacica-video-05-poster.webp","2247103","478","850"
"v?deo de unidade","Cariacica","[diretorio-original]/Polo Cariacica/WhatsApp Video 2026-04-02 at 05.32.19.mp4","mp4","478","850","4070024","assets/videos/units/cariacica/cariacica-video-06.mp4 | assets/videos/units/cariacica/cariacica-video-06-poster.webp","4088000","478","850"
"foto de unidade","Guarapari","[diretorio-original]/Polo Guarapari/WhatsApp Image 2026-04-02 at 04.48.48 (1).jpeg","jpeg","3024","4032","1193746","assets/images/units/guarapari/guarapari-01-480.webp | assets/images/units/guarapari/guarapari-01-960.webp","158604","960","1280"
"foto de unidade","Guarapari","[diretorio-original]/Polo Guarapari/WhatsApp Image 2026-04-02 at 04.48.48.jpeg","jpeg","3024","4032","1196980","assets/images/units/guarapari/guarapari-02-480.webp | assets/images/units/guarapari/guarapari-02-960.webp","125844","960","1280"
"foto de unidade","Guarapari","[diretorio-original]/Polo Guarapari/WhatsApp Image 2026-04-02 at 04.50.40.jpeg","jpeg","960","1280","165680","assets/images/units/guarapari/guarapari-03-480.webp | assets/images/units/guarapari/guarapari-03-960.webp","197050","960","1280"
"v?deo de unidade","Guarapari","[diretorio-original]/Polo Guarapari/WhatsApp Video 2026-04-02 at 04.48.47.mp4","mp4","480","848","4081051","assets/videos/units/guarapari/guarapari-video-01.mp4 | assets/videos/units/guarapari/guarapari-video-01-poster.webp","4133511","480","848"
"foto de unidade","Serra","[diretorio-original]/Polo Serra/WhatsApp Image 2026-04-02 at 04.59.17.jpeg","jpeg","960","1280","250875","assets/images/units/serra/serra-01-480.webp | assets/images/units/serra/serra-01-960.webp","333602","960","1280"
"foto de unidade","Serra","[diretorio-original]/Polo Serra/WhatsApp Image 2026-04-02 at 04.59.18.jpeg","jpeg","1280","960","209038","assets/images/units/serra/serra-02-480.webp | assets/images/units/serra/serra-02-960.webp","159392","960","720"
"foto de unidade","Serra","[diretorio-original]/Polo Serra/WhatsApp Image 2026-04-02 at 05.34.38.jpeg","jpeg","1200","1600","406570","assets/images/units/serra/serra-03-480.webp | assets/images/units/serra/serra-03-960.webp","126942","960","1280"
"foto de unidade","Serra","[diretorio-original]/Polo Serra/WhatsApp Image 2026-04-02 at 05.34.39.jpeg","jpeg","1200","1600","273941","assets/images/units/serra/serra-04-480.webp | assets/images/units/serra/serra-04-960.webp","77334","960","1280"
"foto de unidade","Serra","[diretorio-original]/Polo Serra/WhatsApp Image 2026-04-02 at 05.34.40.jpeg","jpeg","1600","1200","390885","assets/images/units/serra/serra-05-480.webp | assets/images/units/serra/serra-05-960.webp","89614","960","720"
"foto de unidade","Serra","[diretorio-original]/Polo Serra/WhatsApp Image 2026-04-02 at 05.34.41.jpeg","jpeg","1200","1600","373889","assets/images/units/serra/serra-06-480.webp | assets/images/units/serra/serra-06-960.webp","107216","960","1280"
"foto de unidade","Serra","[diretorio-original]/Polo Serra/WhatsApp Image 2026-04-02 at 05.34.43.jpeg","jpeg","1200","1600","223798","assets/images/units/serra/serra-07-480.webp | assets/images/units/serra/serra-07-960.webp","52244","960","1280"
"foto de unidade","Serra","[diretorio-original]/Polo Serra/WhatsApp Image 2026-04-02 at 05.34.45.jpeg","jpeg","1600","1200","299323","assets/images/units/serra/serra-08-480.webp | assets/images/units/serra/serra-08-960.webp","51814","960","720"
"foto de unidade","Serra","[diretorio-original]/Polo Serra/WhatsApp Image 2026-04-02 at 05.34.47.jpeg","jpeg","1200","1600","274247","assets/images/units/serra/serra-09-480.webp | assets/images/units/serra/serra-09-960.webp","65884","960","1280"
"foto de unidade","Serra","[diretorio-original]/Polo Serra/WhatsApp Image 2026-04-02 at 05.34.48.jpeg","jpeg","1200","1600","371319","assets/images/units/serra/serra-10-480.webp | assets/images/units/serra/serra-10-960.webp","99726","960","1280"
"foto de unidade","Serra","[diretorio-original]/Polo Serra/WhatsApp Image 2026-04-02 at 05.35.34.jpeg","jpeg","1200","1600","173458","assets/images/units/serra/serra-11-480.webp | assets/images/units/serra/serra-11-960.webp","99486","960","1280"
"foto de unidade","Serra","[diretorio-original]/Polo Serra/WhatsApp Image 2026-04-02 at 05.35.35.jpeg","jpeg","1200","1600","158528","assets/images/units/serra/serra-12-480.webp | assets/images/units/serra/serra-12-960.webp","85682","960","1280"
"foto de unidade","Serra","[diretorio-original]/Polo Serra/WhatsApp Image 2026-04-02 at 05.35.37.jpeg","jpeg","868","1156","103688","assets/images/units/serra/serra-13-480.webp | assets/images/units/serra/serra-13-960.webp","117888","868","1156"
"foto de unidade","Serra","[diretorio-original]/Polo Serra/WhatsApp Image 2026-04-02 at 05.35.38.jpeg","jpeg","1600","1200","171590","assets/images/units/serra/serra-14-480.webp | assets/images/units/serra/serra-14-960.webp","63132","960","720"
"foto de unidade","Serra","[diretorio-original]/Polo Serra/WhatsApp Image 2026-04-02 at 05.35.39 (1).jpeg","jpeg","1600","1200","191065","assets/images/units/serra/serra-15-480.webp | assets/images/units/serra/serra-15-960.webp","74838","960","720"
"v?deo de unidade","Serra","[diretorio-original]/Polo Serra/WhatsApp Video 2026-04-02 at 04.59.19.mp4","mp4","1280","720","3509687","assets/videos/units/serra/serra-video-01.mp4 | assets/videos/units/serra/serra-video-01-poster.webp","3551935","1280","720"
"v?deo de unidade","Serra","[diretorio-original]/Polo Serra/WhatsApp Video 2026-04-02 at 04.59.20.mp4","mp4","720","1280","6008287","assets/videos/units/serra/serra-video-02.mp4 | assets/videos/units/serra/serra-video-02-poster.webp","6059931","720","1280"
"v?deo de unidade","Serra","[diretorio-original]/Polo Serra/WhatsApp Video 2026-04-02 at 05.34.53.mp4","mp4","720","1280","3623565","assets/videos/units/serra/serra-video-03.mp4 | assets/videos/units/serra/serra-video-03-poster.webp","3660799","720","1280"
"v?deo de unidade","Serra","[diretorio-original]/Polo Serra/WhatsApp Video 2026-04-02 at 05.34.57.mp4","mp4","720","1280","10170431","assets/videos/units/serra/serra-video-04.mp4 | assets/videos/units/serra/serra-video-04-poster.webp","10214929","720","1280"
"v?deo de unidade","Serra","[diretorio-original]/Polo Serra/WhatsApp Video 2026-04-02 at 05.34.58.mp4","mp4","720","1280","10505547","assets/videos/units/serra/serra-video-05.mp4 | assets/videos/units/serra/serra-video-05-poster.webp","10542481","720","1280"
"v?deo de unidade","Serra","[diretorio-original]/Polo Serra/WhatsApp Video 2026-04-02 at 05.35.34.mp4","mp4","720","1280","71293127","assets/videos/units/serra/serra-video-06.mp4 | assets/videos/units/serra/serra-video-06-poster.webp","38486428","720","1280"
"v?deo de unidade","Serra","[diretorio-original]/Polo Serra/WhatsApp Video 2026-04-02 at 05.35.36.mp4","mp4","720","1280","3291346","assets/videos/units/serra/serra-video-07.mp4 | assets/videos/units/serra/serra-video-07-poster.webp","3343412","720","1280"
"foto de unidade","Vila Velha","[diretorio-original]/Polo Vila Velha/WhatsApp Image 2026-04-07 at 11.47.12.jpeg","jpeg","1075","628","82113","assets/images/units/vila-velha/vila-velha-01-480.webp | assets/images/units/vila-velha/vila-velha-01-960.webp","66094","960","561"
"foto de unidade","Vila Velha","[diretorio-original]/Polo Vila Velha/WhatsApp Image 2026-04-07 at 11.47.121.jpeg","jpeg","1200","1600","208808","assets/images/units/vila-velha/vila-velha-02-480.webp | assets/images/units/vila-velha/vila-velha-02-960.webp","132848","960","1280"
"foto de unidade","Vila Velha","[diretorio-original]/Polo Vila Velha/WhatsApp Image 2026-04-07 at 20.05.51 (1).jpeg","jpeg","1600","1200","234038","assets/images/units/vila-velha/vila-velha-03-480.webp | assets/images/units/vila-velha/vila-velha-03-960.webp","103654","960","720"
"foto de unidade","Vila Velha","[diretorio-original]/Polo Vila Velha/WhatsApp Image 2026-04-07 at 20.05.51 (2).jpeg","jpeg","1200","1600","164024","assets/images/units/vila-velha/vila-velha-04-480.webp | assets/images/units/vila-velha/vila-velha-04-960.webp","100840","960","1280"
"foto de unidade","Vila Velha","[diretorio-original]/Polo Vila Velha/WhatsApp Image 2026-04-07 at 20.05.51 (3).jpeg","jpeg","1200","1600","168345","assets/images/units/vila-velha/vila-velha-05-480.webp | assets/images/units/vila-velha/vila-velha-05-960.webp","105096","960","1280"
"foto de unidade","Vila Velha","[diretorio-original]/Polo Vila Velha/WhatsApp Image 2026-04-07 at 20.05.51 (4).jpeg","jpeg","1280","960","115442","assets/images/units/vila-velha/vila-velha-06-480.webp | assets/images/units/vila-velha/vila-velha-06-960.webp","71804","960","720"
"foto de unidade","Vila Velha","[diretorio-original]/Polo Vila Velha/WhatsApp Image 2026-04-07 at 20.05.51.jpeg","jpeg","960","1280","108342","assets/images/units/vila-velha/vila-velha-07-480.webp | assets/images/units/vila-velha/vila-velha-07-960.webp","116828","960","1280"
"foto de unidade","Vila Velha","[diretorio-original]/Polo Vila Velha/WhatsApp Image 2026-04-07 at 20.05.52 (1).jpeg","jpeg","1280","960","113059","assets/images/units/vila-velha/vila-velha-08-480.webp | assets/images/units/vila-velha/vila-velha-08-960.webp","72492","960","720"
"foto de unidade","Vila Velha","[diretorio-original]/Polo Vila Velha/WhatsApp Image 2026-04-07 at 20.05.52 (2).jpeg","jpeg","1200","1600","195374","assets/images/units/vila-velha/vila-velha-09-480.webp | assets/images/units/vila-velha/vila-velha-09-960.webp","97792","960","1280"
"foto de unidade","Vila Velha","[diretorio-original]/Polo Vila Velha/WhatsApp Image 2026-04-07 at 20.05.52.jpeg","jpeg","1280","960","130199","assets/images/units/vila-velha/vila-velha-10-480.webp | assets/images/units/vila-velha/vila-velha-10-960.webp","85842","960","720"
"v?deo de unidade","Vila Velha","[diretorio-original]/Polo Vila Velha/WhatsApp Video 2026-04-07 at 20.05.52.mp4","mp4","720","1280","7349373","assets/videos/units/vila-velha/vila-velha-video-01.mp4 | assets/videos/units/vila-velha/vila-velha-video-01-poster.webp","7448139","720","1280"
"imagem geral","","[diretorio-original]/Programador completo.png","png","1536","1024","2455860","assets/images/courses/curso-programador-completo.webp","69044","960","640"
"imagem geral","","[diretorio-original]/Programador de games.png","png","1536","1024","2355517","assets/images/courses/curso-programador-games.webp","99156","960","640"
"imagem geral","","[diretorio-original]/Responsividade.png","png","1402","1122","1545449","docs/visual-ponto-com-preview.webp | assets/images/social/visual-ponto-com-social.webp","146112","1200","960"
"imagem geral","","[diretorio-original]/Sobre.jpeg","jpeg","1600","1200","332531","assets/images/institutional/sobre-visual-ponto-com.webp","166316","1200","900"
"imagem geral","","[diretorio-original]/Unimar.jpg","jpg","1200","676","54143","assets/images/institutional/polo-universidade-ead.webp","15758","1200","676"
"imagem geral","","[diretorio-original]/whatsapp.png","png","512","512","30559","assets/icons/whatsapp.png","3911","64","64"
